TC	MM	B_L	B_R	Elapsed time	Read time	Join time	Write time
L1	256	1024	4096	32.631070	15.275938	10.843671	6.511451
L2	256	2048	4096	32.368282	14.584230	10.738562	7.045477
L3	256	4096	4096	30.259658	14.142480	9.647844	6.469325
L4	256	8192	4096	30.155237	13.749096	9.835468	6.570665
L5	256	16384	4096	29.862879	13.356452	9.812655	6.693757
